No,Product Type,Keywords,Primary Style Recommendation,Secondary Styles,Landing Page Pattern,Dashboard Style (if applicable),Color Palette Focus,Key Considerations
1,SaaS (General),"app, b2b, cloud, general, saas, software, subscription",Glassmorphism + Flat Design,"Soft UI Evolution, Minimalism",Hero + Features + CTA,Data-Dense + Real-Time Monitoring,Trust blue + accent contrast,Balance modern feel with clarity. Focus on CTAs.
2,Micro SaaS,"app, b2b, cloud, indie, micro, micro-saas, niche, saas, small, software, solo, subscription",Flat Design + Vibrant & Block,"Motion-Driven, Micro-interactions",Minimal & Direct + Demo,Executive Dashboard,Vibrant primary + white space,"Keep simple, show product quickly. Speed is key."
3,E-commerce,"buy, commerce, e, ecommerce, products, retail, sell, shop, store",Vibrant & Block-based,"Aurora UI, Motion-Driven",Feature-Rich Showcase,Sales Intelligence Dashboard,Brand primary + success green,Engagement & conversions. High visual hierarchy.
4,E-commerce Luxury,"buy, commerce, e, ecommerce, elegant, exclusive, high-end, luxury, premium, products, retail, sell, shop, store",Liquid Glass + Glassmorphism,"3D & Hyperrealism, Aurora UI",Feature-Rich Showcase,Sales Intelligence Dashboard,Premium colors + minimal accent,Elegance & sophistication. Premium materials.
5,Service Landing Page,"appointment, booking, consultation, conversion, landing, marketing, page, service",Hero-Centric + Trust & Authority,"Social Proof-Focused, Storytelling",Hero-Centric Design,N/A - Analytics for conversions,Brand primary + trust colors,Social proof essential. Show expertise.
6,B2B Service,"appointment, b, b2b, booking, business, consultation, corporate, enterprise, service",Trust & Authority + Minimal,"Feature-Rich, Conversion-Optimized",Feature-Rich Showcase,Sales Intelligence Dashboard,Professional blue + neutral grey,Credibility essential. Clear ROI messaging.
7,Financial Dashboard,"admin, analytics, dashboard, data, financial, panel",Dark Mode (OLED) + Data-Dense,"Minimalism, Accessible & Ethical",N/A - Dashboard focused,Financial Dashboard,Dark bg + red/green alerts + trust blue,"High contrast, real-time updates, accuracy paramount."
8,Analytics Dashboard,"admin, analytics, dashboard, data, panel",Data-Dense + Heat Map & Heatmap,"Minimalism, Dark Mode (OLED)",N/A - Analytics focused,Drill-Down Analytics + Comparative,Cool→Hot gradients + neutral grey,Clarity > aesthetics. Color-coded data priority.
9,Healthcare App,"app, clinic, health, healthcare, medical, patient",Neumorphism + Accessible & Ethical,"Soft UI Evolution, Claymorphism (for patients)",Social Proof-Focused,User Behavior Analytics,Calm blue + health green + trust,Accessibility mandatory. Calming aesthetic.
10,Educational App,"app, course, education, educational, learning, school, training",Claymorphism + Micro-interactions,"Vibrant & Block-based, Flat Design",Storytelling-Driven,User Behavior Analytics,Playful colors + clear hierarchy,Engagement & ease of use. Age-appropriate design.
11,Creative Agency,"agency, creative, design, marketing, studio",Brutalism + Motion-Driven,"Retro-Futurism, Storytelling-Driven",Storytelling-Driven,N/A - Portfolio focused,Bold primaries + artistic freedom,Differentiation key. Wow-factor necessary.
12,Portfolio/Personal,"creative, personal, portfolio, projects, showcase, work",Motion-Driven + Minimalism,"Brutalism, Aurora UI",Storytelling-Driven,N/A - Personal branding,Brand primary + artistic interpretation,Showcase work. Personality shine through.
13,Gaming,"entertainment, esports, game, gaming, play",3D & Hyperrealism + Retro-Futurism,"Motion-Driven, Vibrant & Block",Feature-Rich Showcase,N/A - Game focused,Vibrant + neon + immersive colors,Immersion priority. Performance critical.
14,Government/Public Service,"appointment, booking, consultation, government, public, service",Accessible & Ethical + Minimalism,"Flat Design, Inclusive Design",Minimal & Direct,Executive Dashboard,Professional blue + high contrast,WCAG AAA mandatory. Trust paramount.
15,Fintech/Crypto,"banking, blockchain, crypto, defi, finance, fintech, money, nft, payment, web3",Glassmorphism + Dark Mode (OLED),"Retro-Futurism, Motion-Driven",Conversion-Optimized,Real-Time Monitoring + Predictive,Dark tech colors + trust + vibrant accents,Security perception. Real-time data critical.
16,Social Media App,"app, community, content, entertainment, media, network, sharing, social, streaming, users, video",Vibrant & Block-based + Motion-Driven,"Aurora UI, Micro-interactions",Feature-Rich Showcase,User Behavior Analytics,Vibrant + engagement colors,Engagement & retention. Addictive design ethics.
17,Productivity Tool,"collaboration, productivity, project, task, tool, workflow",Flat Design + Micro-interactions,"Minimalism, Soft UI Evolution",Interactive Product Demo,Drill-Down Analytics,Clear hierarchy + functional colors,Ease of use. Speed & efficiency focus.
18,Design System/Component Library,"component, design, library, system",Minimalism + Accessible & Ethical,"Flat Design, Zero Interface",Feature-Rich Showcase,N/A - Dev focused,Clear hierarchy + code-like structure,Consistency. Developer-first approach.
19,AI/Chatbot Platform,"ai, artificial-intelligence, automation, chatbot, machine-learning, ml, platform",AI-Native UI + Minimalism,"Zero Interface, Glassmorphism",Interactive Product Demo,AI/ML Analytics Dashboard,Neutral + AI Purple (#6366F1),Conversational UI. Streaming text. Context awareness. Minimal chrome.
20,NFT/Web3 Platform,"nft, platform, web",Cyberpunk UI + Glassmorphism,"Aurora UI, 3D & Hyperrealism",Feature-Rich Showcase,Crypto/Blockchain Dashboard,Dark + Neon + Gold (#FFD700),Wallet integration. Transaction feedback. Gas fees display. Dark mode essential.
21,Creator Economy Platform,"creator, economy, platform",Vibrant & Block-based + Bento Box Grid,"Motion-Driven, Aurora UI",Social Proof-Focused,User Behavior Analytics,Vibrant + Brand colors,Creator profiles. Monetization display. Engagement metrics. Social proof.
22,Sustainability/ESG Platform,"ai, artificial-intelligence, automation, esg, machine-learning, ml, platform, sustainability",Organic Biophilic + Minimalism,"Accessible & Ethical, Flat Design",Trust & Authority,Energy/Utilities Dashboard,Green (#228B22) + Earth tones,Carbon footprint visuals. Progress indicators. Certification badges. Eco-friendly imagery.
23,Remote Work/Collaboration Tool,"collaboration, remote, tool, work",Soft UI Evolution + Minimalism,"Glassmorphism, Micro-interactions",Feature-Rich Showcase,Drill-Down Analytics,Calm Blue + Neutral grey,Real-time collaboration. Status indicators. Video integration. Notification management.
24,Mental Health App,"app, health, mental",Neumorphism + Accessible & Ethical,"Claymorphism, Soft UI Evolution",Social Proof-Focused,Healthcare Analytics,Calm Pastels + Trust colors,Calming aesthetics. Privacy-first. Crisis resources. Progress tracking. Accessibility mandatory.
25,Pet Tech App,"app, pet, tech",Claymorphism + Vibrant & Block-based,"Micro-interactions, Flat Design",Storytelling-Driven,User Behavior Analytics,Playful + Warm colors,Pet profiles. Health tracking. Playful UI. Photo galleries. Vet integration.
26,Smart Home/IoT Dashboard,"admin, analytics, dashboard, data, home, iot, panel, smart",Glassmorphism + Dark Mode (OLED),"Minimalism, AI-Native UI",Interactive Product Demo,Real-Time Monitoring,Dark + Status indicator colors,Device status. Real-time controls. Energy monitoring. Automation rules. Quick actions.
27,EV/Charging Ecosystem,"charging, ecosystem, ev",Minimalism + Aurora UI,"Glassmorphism, Organic Biophilic",Hero-Centric Design,Energy/Utilities Dashboard,Electric Blue (#009CD1) + Green,Charging station maps. Range estimation. Cost calculation. Environmental impact.
28,Subscription Box Service,"appointment, booking, box, consultation, membership, plan, recurring, service, subscription",Vibrant & Block-based + Motion-Driven,"Claymorphism, Aurora UI",Feature-Rich Showcase,E-commerce Analytics,Brand + Excitement colors,Unboxing experience. Personalization quiz. Subscription management. Product reveals.
29,Podcast Platform,"platform, podcast",Dark Mode (OLED) + Minimalism,"Motion-Driven, Vibrant & Block-based",Storytelling-Driven,Media/Entertainment Dashboard,Dark + Audio waveform accents,Audio player UX. Episode discovery. Creator tools. Analytics for podcasters.
30,Dating App,"app, dating",Vibrant & Block-based + Motion-Driven,"Aurora UI, Glassmorphism",Social Proof-Focused,User Behavior Analytics,Warm + Romantic (Pink/Red gradients),Profile cards. Swipe interactions. Match animations. Safety features. Video chat.
31,Micro-Credentials/Badges Platform,"badges, credentials, micro, platform",Minimalism + Flat Design,"Accessible & Ethical, Swiss Modernism 2.0",Trust & Authority,Education Dashboard,Trust Blue + Gold (#FFD700),Credential verification. Badge display. Progress tracking. Issuer trust. LinkedIn integration.
32,Knowledge Base/Documentation,"base, documentation, knowledge",Minimalism + Accessible & Ethical,"Swiss Modernism 2.0, Flat Design",FAQ/Documentation,N/A - Documentation focused,Clean hierarchy + minimal color,Search-first. Clear navigation. Code highlighting. Version switching. Feedback system.
33,Hyperlocal Services,"appointment, booking, consultation, hyperlocal, service, services",Minimalism + Vibrant & Block-based,"Micro-interactions, Flat Design",Conversion-Optimized,Drill-Down Analytics + Map,Location markers + Trust colors,Map integration. Service categories. Provider profiles. Booking system. Reviews.
34,Beauty/Spa/Wellness Service,"appointment, beauty, booking, consultation, service, spa, wellness",Soft UI Evolution + Neumorphism,"Glassmorphism, Minimalism",Hero-Centric Design + Social Proof,User Behavior Analytics,Soft pastels (Pink #FFB6C1 Sage #90EE90) + Cream + Gold accents,Calming aesthetic. Booking system. Service menu. Before/after gallery. Testimonials. Relaxing imagery.
35,Luxury/Premium Brand,"brand, elegant, exclusive, high-end, luxury, premium",Liquid Glass + Glassmorphism,"Minimalism, 3D & Hyperrealism",Storytelling-Driven + Feature-Rich,Sales Intelligence Dashboard,Black + Gold (#FFD700) + White + Minimal accent,Elegance paramount. Premium imagery. Storytelling. High-quality visuals. Exclusive feel.
36,Restaurant/Food Service,"appointment, booking, consultation, delivery, food, menu, order, restaurant, service",Vibrant & Block-based + Motion-Driven,"Claymorphism, Flat Design",Hero-Centric Design + Conversion,N/A - Booking focused,Warm colors (Orange Red Brown) + appetizing imagery,Menu display. Online ordering. Reservation system. Food photography. Location/hours prominent.
37,Fitness/Gym App,"app, exercise, fitness, gym, health, workout",Vibrant & Block-based + Dark Mode (OLED),"Motion-Driven, Neumorphism",Feature-Rich Showcase,User Behavior Analytics,Energetic (Orange #FF6B35 Electric Blue) + Dark bg,Progress tracking. Workout plans. Community features. Achievements. Motivational design.
38,Real Estate/Property,"buy, estate, housing, property, real, real-estate, rent",Glassmorphism + Minimalism,"Motion-Driven, 3D & Hyperrealism",Hero-Centric Design + Feature-Rich,Sales Intelligence Dashboard,Trust Blue (#0077B6) + Gold accents + White,Property listings. Virtual tours. Map integration. Agent profiles. Mortgage calculator. High-quality imagery.
39,Travel/Tourism Agency,"agency, booking, creative, design, flight, hotel, marketing, studio, tourism, travel, vacation",Aurora UI + Motion-Driven,"Vibrant & Block-based, Glassmorphism",Storytelling-Driven + Hero-Centric,Booking Analytics,Vibrant destination colors + Sky Blue + Warm accents,Destination showcase. Booking system. Itinerary builder. Reviews. Inspiration galleries. Mobile-first.
40,Hotel/Hospitality,"hospitality, hotel",Liquid Glass + Minimalism,"Glassmorphism, Soft UI Evolution",Hero-Centric Design + Social Proof,Revenue Management Dashboard,Warm neutrals + Gold (#D4AF37) + Brand accent,Room booking. Amenities showcase. Location maps. Guest reviews. Seasonal pricing. Luxury imagery.
41,Wedding/Event Planning,"conference, event, meetup, planning, registration, ticket, wedding",Soft UI Evolution + Aurora UI,"Glassmorphism, Motion-Driven",Storytelling-Driven + Social Proof,N/A - Planning focused,Soft Pink (#FFD6E0) + Gold + Cream + Sage,Portfolio gallery. Vendor directory. Planning tools. Timeline. Budget tracker. Romantic aesthetic.
42,Legal Services,"appointment, attorney, booking, compliance, consultation, contract, law, legal, service, services",Trust & Authority + Minimalism,"Accessible & Ethical, Swiss Modernism 2.0",Trust & Authority + Minimal,Case Management Dashboard,Navy Blue (#1E3A5F) + Gold + White,Credibility paramount. Practice areas. Attorney profiles. Case results. Contact forms. Professional imagery.
43,Insurance Platform,"insurance, platform",Trust & Authority + Flat Design,"Accessible & Ethical, Minimalism",Conversion-Optimized + Trust,Claims Analytics Dashboard,Trust Blue (#0066CC) + Green (security) + Neutral,Quote calculator. Policy comparison. Claims process. Trust signals. Clear pricing. Security badges.
44,Banking/Traditional Finance,"banking, finance, traditional",Minimalism + Accessible & Ethical,"Trust & Authority, Dark Mode (OLED)",Trust & Authority + Feature-Rich,Financial Dashboard,Navy (#0A1628) + Trust Blue + Gold accents,Security-first. Account overview. Transaction history. Mobile banking. Accessibility critical. Trust paramount.
45,Online Course/E-learning,"course, e, learning, online",Claymorphism + Vibrant & Block-based,"Motion-Driven, Flat Design",Feature-Rich Showcase + Social Proof,Education Dashboard,Vibrant learning colors + Progress green,Course catalog. Progress tracking. Video player. Quizzes. Certificates. Community forums. Gamification.
46,Non-profit/Charity,"charity, non, profit",Accessible & Ethical + Organic Biophilic,"Minimalism, Storytelling-Driven",Storytelling-Driven + Trust,Donation Analytics Dashboard,Cause-related colors + Trust + Warm,Impact stories. Donation flow. Transparency reports. Volunteer signup. Event calendar. Emotional connection.
47,Music Streaming,"music, streaming",Dark Mode (OLED) + Vibrant & Block-based,"Motion-Driven, Aurora UI",Feature-Rich Showcase,Media/Entertainment Dashboard,Dark (#121212) + Vibrant accents + Album art colors,Audio player. Playlist management. Artist pages. Personalization. Social features. Waveform visualizations.
48,Video Streaming/OTT,"ott, streaming, video",Dark Mode (OLED) + Motion-Driven,"Glassmorphism, Vibrant & Block-based",Hero-Centric Design + Feature-Rich,Media/Entertainment Dashboard,Dark bg + Content poster colors + Brand accent,Video player. Content discovery. Watchlist. Continue watching. Personalized recommendations. Thumbnail-heavy.
49,Job Board/Recruitment,"board, job, recruitment",Flat Design + Minimalism,"Vibrant & Block-based, Accessible & Ethical",Conversion-Optimized + Feature-Rich,HR Analytics Dashboard,Professional Blue + Success Green + Neutral,Job listings. Search/filter. Company profiles. Application tracking. Resume upload. Salary insights.
50,Marketplace (P2P),"buyers, listings, marketplace, p, platform, sellers",Vibrant & Block-based + Flat Design,"Micro-interactions, Trust & Authority",Feature-Rich Showcase + Social Proof,E-commerce Analytics,Trust colors + Category colors + Success green,Seller/buyer profiles. Listings. Reviews/ratings. Secure payment. Messaging. Search/filter. Trust badges.
51,Logistics/Delivery,"delivery, logistics",Minimalism + Flat Design,"Dark Mode (OLED), Micro-interactions",Feature-Rich Showcase + Conversion,Real-Time Monitoring + Route Analytics,Blue (#2563EB) + Orange (tracking) + Green (delivered),Real-time tracking. Delivery scheduling. Route optimization. Driver management. Status updates. Map integration.
52,Agriculture/Farm Tech,"agriculture, farm, tech",Organic Biophilic + Flat Design,"Minimalism, Accessible & Ethical",Feature-Rich Showcase + Trust,IoT Sensor Dashboard,Earth Green (#4A7C23) + Brown + Sky Blue,Crop monitoring. Weather data. IoT sensors. Yield tracking. Market prices. Sustainable imagery.
53,Construction/Architecture,"architecture, construction",Minimalism + 3D & Hyperrealism,"Brutalism, Swiss Modernism 2.0",Hero-Centric Design + Feature-Rich,Project Management Dashboard,Grey (#4A4A4A) + Orange (safety) + Blueprint Blue,Project portfolio. 3D renders. Timeline. Material specs. Team collaboration. Blueprint aesthetic.
54,Automotive/Car Dealership,"automotive, car, dealership",Motion-Driven + 3D & Hyperrealism,"Dark Mode (OLED), Glassmorphism",Hero-Centric Design + Feature-Rich,Sales Intelligence Dashboard,Brand colors + Metallic accents + Dark/Light,Vehicle showcase. 360° views. Comparison tools. Financing calculator. Test drive booking. High-quality imagery.
55,Photography Studio,"photography, studio",Motion-Driven + Minimalism,"Aurora UI, Glassmorphism",Storytelling-Driven + Hero-Centric,N/A - Portfolio focused,Black + White + Minimal accent,Portfolio gallery. Before/after. Service packages. Booking system. Client galleries. Full-bleed imagery.
56,Coworking Space,"coworking, space",Vibrant & Block-based + Glassmorphism,"Minimalism, Motion-Driven",Hero-Centric Design + Feature-Rich,Occupancy Dashboard,Energetic colors + Wood tones + Brand accent,Space tour. Membership plans. Booking system. Amenities. Community events. Virtual tour.
57,Cleaning Service,"appointment, booking, cleaning, consultation, service",Soft UI Evolution + Flat Design,"Minimalism, Micro-interactions",Conversion-Optimized + Trust,Service Analytics,Fresh Blue (#00B4D8) + Clean White + Green,Service packages. Booking system. Price calculator. Before/after gallery. Reviews. Trust badges.
58,Home Services (Plumber/Electrician),"appointment, booking, consultation, electrician, home, plumber, service, services",Flat Design + Trust & Authority,"Minimalism, Accessible & Ethical",Conversion-Optimized + Trust,Service Analytics,Trust Blue + Safety Orange + Professional grey,Service list. Emergency contact. Booking. Price transparency. Certifications. Local trust signals.
59,Childcare/Daycare,"childcare, daycare",Claymorphism + Vibrant & Block-based,"Soft UI Evolution, Accessible & Ethical",Social Proof-Focused + Trust,Parent Dashboard,Playful pastels + Safe colors + Warm accents,Programs. Staff profiles. Safety certifications. Parent portal. Activity updates. Cheerful imagery.
60,Senior Care/Elderly,"care, elderly, senior",Accessible & Ethical + Soft UI Evolution,"Minimalism, Neumorphism",Trust & Authority + Social Proof,Healthcare Analytics,Calm Blue + Warm neutrals + Large text,Care services. Staff qualifications. Facility tour. Family portal. Large touch targets. High contrast. Accessibility-first.
61,Medical Clinic,"clinic, medical",Accessible & Ethical + Minimalism,"Neumorphism, Trust & Authority",Trust & Authority + Conversion,Healthcare Analytics,Medical Blue (#0077B6) + Trust White + Calm Green,Services. Doctor profiles. Online booking. Patient portal. Insurance info. HIPAA compliant. Trust signals.
62,Pharmacy/Drug Store,"drug, pharmacy, store",Flat Design + Accessible & Ethical,"Minimalism, Trust & Authority",Conversion-Optimized + Trust,Inventory Dashboard,Pharmacy Green + Trust Blue + Clean White,Product catalog. Prescription upload. Refill reminders. Health info. Store locator. Safety certifications.
63,Dental Practice,"dental, practice",Soft UI Evolution + Minimalism,"Accessible & Ethical, Trust & Authority",Social Proof-Focused + Conversion,Patient Analytics,Fresh Blue + White + Smile Yellow accent,Services. Dentist profiles. Before/after. Online booking. Insurance. Patient testimonials. Friendly imagery.
64,Veterinary Clinic,"clinic, veterinary",Claymorphism + Accessible & Ethical,"Soft UI Evolution, Flat Design",Social Proof-Focused + Trust,Pet Health Dashboard,Caring Blue + Pet-friendly colors + Warm accents,Pet services. Vet profiles. Online booking. Pet portal. Emergency info. Friendly animal imagery.
65,Florist/Plant Shop,"florist, plant, shop",Organic Biophilic + Vibrant & Block-based,"Aurora UI, Motion-Driven",Hero-Centric Design + Conversion,E-commerce Analytics,Natural Green + Floral pinks/purples + Earth tones,Product catalog. Occasion categories. Delivery scheduling. Care guides. Seasonal collections. Beautiful imagery.
66,Bakery/Cafe,"bakery, cafe",Vibrant & Block-based + Soft UI Evolution,"Claymorphism, Motion-Driven",Hero-Centric Design + Conversion,N/A - Order focused,Warm Brown + Cream + Appetizing accents,Menu display. Online ordering. Location/hours. Catering. Seasonal specials. Appetizing photography.
67,Coffee Shop,"coffee, shop",Minimalism + Organic Biophilic,"Soft UI Evolution, Flat Design",Hero-Centric Design + Conversion,N/A - Order focused,Coffee Brown (#6F4E37) + Cream + Warm accents,Menu. Online ordering. Loyalty program. Location. Story/origin. Cozy aesthetic.
68,Brewery/Winery,"brewery, winery",Motion-Driven + Storytelling-Driven,"Dark Mode (OLED), Organic Biophilic",Storytelling-Driven + Hero-Centric,N/A - E-commerce focused,Deep amber/burgundy + Gold + Craft aesthetic,Product showcase. Story/heritage. Tasting notes. Events. Club membership. Artisanal imagery.
69,Airline,"airline, aviation, flight, booking, travel, tickets, airport, boarding",Minimalism + Glassmorphism,"Motion-Driven, Accessible & Ethical",Conversion-Optimized + Feature-Rich,Operations Dashboard,Sky Blue + Brand colors + Trust accents,Flight search. Booking. Check-in. Boarding pass. Loyalty program. Route maps. Mobile-first.
70,News/Media Platform,"content, entertainment, media, news, platform, streaming, video",Minimalism + Flat Design,"Dark Mode (OLED), Accessible & Ethical",Hero-Centric Design + Feature-Rich,Media Analytics Dashboard,Brand colors + High contrast + Category colors,Article layout. Breaking news. Categories. Search. Subscription. Mobile reading. Fast loading.
71,Magazine/Blog,"articles, blog, content, magazine, posts, writing",Swiss Modernism 2.0 + Motion-Driven,"Minimalism, Aurora UI",Storytelling-Driven + Hero-Centric,Content Analytics,Editorial colors + Brand primary + Clean white,Article showcase. Category navigation. Author profiles. Newsletter signup. Related content. Typography-focused.
72,Freelancer Platform,"freelancer, platform",Flat Design + Minimalism,"Vibrant & Block-based, Micro-interactions",Feature-Rich Showcase + Conversion,Marketplace Analytics,Professional Blue + Success Green + Neutral,Profile creation. Portfolio. Skill matching. Messaging. Payment. Reviews. Project management.
73,Consulting Firm,"consulting, firm",Trust & Authority + Minimalism,"Swiss Modernism 2.0, Accessible & Ethical",Trust & Authority + Feature-Rich,N/A - Lead generation,Navy + Gold + Professional grey,Service areas. Case studies. Team profiles. Thought leadership. Contact. Professional credibility.
74,Marketing Agency,"agency, creative, design, marketing, studio",Brutalism + Motion-Driven,"Vibrant & Block-based, Aurora UI",Storytelling-Driven + Feature-Rich,Campaign Analytics,Bold brand colors + Creative freedom,Portfolio. Case studies. Services. Team. Creative showcase. Results-focused. Bold aesthetic.
75,Event Management,"conference, event, management, meetup, registration, ticket",Vibrant & Block-based + Motion-Driven,"Glassmorphism, Aurora UI",Hero-Centric Design + Feature-Rich,Event Analytics,Event theme colors + Excitement accents,Event showcase. Registration. Agenda. Speakers. Sponsors. Ticket sales. Countdown timer.
76,Conference/Webinar Platform,"conference, platform, webinar",Glassmorphism + Minimalism,"Motion-Driven, Flat Design",Feature-Rich Showcase + Conversion,Attendee Analytics,Professional Blue + Video accent + Brand,Registration. Agenda. Speaker profiles. Live stream. Networking. Recording access. Virtual event features.
77,Membership/Community,"community, membership",Vibrant & Block-based + Soft UI Evolution,"Bento Box Grid, Micro-interactions",Social Proof-Focused + Conversion,Community Analytics,Community brand colors + Engagement accents,Member benefits. Pricing tiers. Community showcase. Events. Member directory. Exclusive content.
78,Newsletter Platform,"newsletter, platform",Minimalism + Flat Design,"Swiss Modernism 2.0, Accessible & Ethical",Minimal & Direct + Conversion,Email Analytics,Brand primary + Clean white + CTA accent,Subscribe form. Archive. About. Social proof. Sample content. Simple conversion.
79,Digital Products/Downloads,"digital, downloads, products",Vibrant & Block-based + Motion-Driven,"Glassmorphism, Bento Box Grid",Feature-Rich Showcase + Conversion,E-commerce Analytics,Product category colors + Brand + Success green,Product showcase. Preview. Pricing. Instant delivery. License management. Customer reviews.
80,Church/Religious Organization,"church, organization, religious",Accessible & Ethical + Soft UI Evolution,"Minimalism, Trust & Authority",Hero-Centric Design + Social Proof,N/A - Community focused,Warm Gold + Deep Purple/Blue + White,Service times. Events. Sermons. Community. Giving. Location. Welcoming imagery.
81,Sports Team/Club,"club, sports, team",Vibrant & Block-based + Motion-Driven,"Dark Mode (OLED), 3D & Hyperrealism",Hero-Centric Design + Feature-Rich,Performance Analytics,Team colors + Energetic accents,Schedule. Roster. News. Tickets. Merchandise. Fan engagement. Action imagery.
82,Museum/Gallery,"gallery, museum",Minimalism + Motion-Driven,"Swiss Modernism 2.0, 3D & Hyperrealism",Storytelling-Driven + Feature-Rich,Visitor Analytics,Art-appropriate neutrals + Exhibition accents,Exhibitions. Collections. Tickets. Events. Virtual tours. Educational content. Art-focused design.
83,Theater/Cinema,"cinema, theater",Dark Mode (OLED) + Motion-Driven,"Vibrant & Block-based, Glassmorphism",Hero-Centric Design + Conversion,Booking Analytics,Dark + Spotlight accents + Gold,Showtimes. Seat selection. Trailers. Coming soon. Membership. Dramatic imagery.
84,Language Learning App,"app, language, learning",Claymorphism + Vibrant & Block-based,"Micro-interactions, Flat Design",Feature-Rich Showcase + Social Proof,Learning Analytics,Playful colors + Progress indicators + Country flags,Lesson structure. Progress tracking. Gamification. Speaking practice. Community. Achievement badges.
85,Coding Bootcamp,"bootcamp, coding",Dark Mode (OLED) + Minimalism,"Cyberpunk UI, Flat Design",Feature-Rich Showcase + Social Proof,Student Analytics,Code editor colors + Brand + Success green,Curriculum. Projects. Career outcomes. Alumni. Pricing. Application. Terminal aesthetic.
86,Cybersecurity Platform,"cyber, security, platform",Cyberpunk UI + Dark Mode (OLED),"Neubrutalism, Minimal & Direct",Trust & Authority + Real-Time,Real-Time Monitoring + Heat Map,Matrix Green + Deep Black + Terminal feel,Data density. Threat visualization. Dark mode default.
87,Developer Tool / IDE,"dev, developer, tool, ide",Dark Mode (OLED) + Minimalism,"Flat Design, Bento Box Grid",Minimal & Direct + Documentation,Real-Time Monitor + Terminal,Dark syntax theme colors + Blue focus,Keyboard shortcuts. Syntax highlighting. Fast performance.
88,Biotech / Life Sciences,"biotech, biology, science",Glassmorphism + Clean Science,"Minimalism, Organic Biophilic",Storytelling-Driven + Research,Data-Dense + Predictive,Sterile White + DNA Blue + Life Green,Data accuracy. Cleanliness. Complex data viz.
89,Space Tech / Aerospace,"aerospace, space, tech",Holographic / HUD + Dark Mode,"Glassmorphism, 3D & Hyperrealism",Immersive Experience + Hero,Real-Time Monitoring + 3D,Deep Space Black + Star White + Metallic,High-tech feel. Precision. Telemetry data.
90,Architecture / Interior,"architecture, design, interior",Exaggerated Minimalism + High Imagery,"Swiss Modernism 2.0, Parallax",Portfolio Grid + Visuals,Project Management + Gallery,Monochrome + Gold Accent + High Imagery,High-res images. Typography. Space.
91,Quantum Computing Interface,"quantum, computing, physics, qubit, future, science",Holographic / HUD + Dark Mode,"Glassmorphism, Spatial UI",Immersive/Interactive Experience,3D Spatial Data + Real-Time Monitor,Quantum Blue #00FFFF + Deep Black + Interference patterns,Visualize complexity. Qubit states. Probability clouds. High-tech trust.
92,Biohacking / Longevity App,"biohacking, health, longevity, tracking, wellness, science",Biomimetic / Organic 2.0,"Minimalism, Dark Mode (OLED)",Data-Dense + Storytelling,Real-Time Monitor + Biological Data,Cellular Pink/Red + DNA Blue + Clean White,Personal data privacy. Scientific credibility. Biological visualizations.
93,Autonomous Drone Fleet Manager,"drone, autonomous, fleet, aerial, logistics, robotics",HUD / Sci-Fi FUI,"Real-Time Monitor, Spatial UI",Real-Time Monitor,Geographic + Real-Time,Tactical Green #00FF00 + Alert Red + Map Dark,Real-time telemetry. 3D spatial awareness. Latency indicators. Safety alerts.
94,Generative Art Platform,"art, generative, ai, creative, platform, gallery",Minimalism (Frame) + Gen Z Chaos,"Masonry Grid, Dark Mode",Bento Grid Showcase,Gallery / Portfolio,Neutral #F5F5F5 (Canvas) + User Content,Content is king. Fast loading. Creator attribution. Minting flow.
95,Spatial Computing OS / App,"spatial, vr, ar, vision, os, immersive, mixed-reality",Spatial UI (VisionOS),"Glassmorphism, 3D & Hyperrealism",Immersive/Interactive Experience,Spatial Dashboard,Frosted Glass + System Colors + Depth,Gaze/Pinch interaction. Depth hierarchy. Environment awareness.
96,Sustainable Energy / Climate Tech,"climate, energy, sustainable, green, tech, carbon",Organic Biophilic + E-Ink / Paper,"Data-Dense, Swiss Modernism",Interactive Demo + Data,Energy/Utilities Dashboard,Earth Green + Sky Blue + Solar Yellow,Data transparency. Impact visualization. Low-carbon web design.
97,AI Assistant / Chatbot,"ai, assistant, chatbot, conversational, copilot, agent",AI-Native UI + Minimalism,"Zero Interface, Glassmorphism",AI Product Hero + Interactive Demo,Conversational Dashboard,Neutral #F8FAFC + AI Purple #7C3AED + Success #10B981,Streaming responses. Context awareness. Conversation history. Multi-turn support.
98,AI Writing Tool,"ai, writing, content, copywriting, text, generator",AI-Native UI + Minimalism,"Glassmorphism, Motion-Driven",AI Product Hero + Feature-Rich,Editor Dashboard,Clean white + AI Purple accent + Success green,Real-time generation. Tone selection. Length control. Export options. Revision history.
99,AI Image Generator,"ai, image, art, generation, visual, creative",Dark Mode (OLED) + AI-Native UI,"Glassmorphism, Motion-Driven",AI Product Hero + Gallery,Generation Dashboard,Dark #0A0A0A + Vibrant accents + Gallery white,Prompt input. Style selection. Generation progress. Image gallery. Download/share.
100,AI Video Tool,"ai, video, generation, editing, clips, media",Dark Mode (OLED) + Motion-Driven,"AI-Native UI, Glassmorphism",AI Product Hero + Demo,Video Editor Dashboard,Dark + Timeline colors + Progress indicators,Video preview. Timeline editing. Generation queue. Export settings. Asset library.
101,Crypto / DeFi Platform,"crypto, defi, blockchain, trading, wallet, web3",Cyberpunk UI + Glassmorphism,"Dark Mode (OLED), Real-Time",Feature-Rich + Trust & Authority,Trading Dashboard + Portfolio,Dark #0D0D0D + Neon #00FFFF + Gold #FFD700,Wallet connection. Real-time prices. Transaction history. Gas fees. Security indicators.
102,HealthTech / Telehealth,"health, telehealth, medical, telemedicine, consultation",Accessible & Ethical + Minimalism,"Soft UI Evolution, Trust & Authority",Trust & Authority + Conversion,Patient Dashboard + Analytics,Calm Teal #0891B2 + Trust Blue + Health Green,Video consultation. Appointment booking. Health records. HIPAA compliance. Accessibility.
103,Climate / Sustainability Tech,"climate, carbon, sustainability, eco, environmental",Organic Biophilic + Minimalism,"Accessible & Ethical, Data-Dense",Interactive Demo + Storytelling,Impact Dashboard + Analytics,Earth Green #228B22 + Sky Blue + Solar Yellow,Carbon tracking. Impact visualization. Goal progress. Certification badges. Data export.
104,Remote Work / Collaboration,"remote, collaboration, workspace, team, async, sync",Soft UI Evolution + Glassmorphism,"Minimalism, Micro-interactions",Feature-Rich + Interactive Demo,Team Dashboard + Activity,Calm Blue #3B82F6 + Presence indicators + Status colors,Real-time presence. Video/audio. Document collaboration. Async communication. Integrations.
105,Low-Code / No-Code Tool,"lowcode, nocode, visual, builder, automation, workflow",Flat Design + Micro-interactions,"Bento Grid, Soft UI Evolution",Interactive Demo + Feature-Rich,Visual Builder + Dashboard,Clean white + Drag indicators + Connection colors,Visual canvas. Component library. Logic builder. Preview. Deployment. Templates.
106,DevOps / Monitoring Dashboard,"devops, monitoring, observability, infrastructure, logs",Dark Mode (OLED) + Data Maximalism,"Real-Time, HUD Style",Minimal & Direct + Documentation,Real-Time Monitor + Alerts,Dark #0F172A + Status colors + Alert red/green/yellow,Real-time metrics. Log streaming. Alert management. Incident response. Uptime tracking.
107,EdTech / Learning Platform,"education, learning, courses, lms, training, students",Claymorphism + Vibrant & Block-based,"Micro-interactions, Flat Design",Feature-Rich + Social Proof,Learning Dashboard + Progress,Playful colors + Progress green + Achievement gold,Course catalog. Progress tracking. Quizzes. Certificates. Discussion. Gamification.
108,HR Tech / Recruiting Platform,"hr, recruiting, hiring, talent, ats, candidates",Flat Design + Minimalism,"Trust & Authority, Accessible",Feature-Rich + Trust,Pipeline Dashboard + Analytics,Professional Blue #2563EB + Status colors + Neutral,Job posting. Applicant tracking. Interview scheduling. Candidate profiles. Analytics.
109,Real Estate Tech,"realestate, property, listings, housing, rentals",Glassmorphism + Motion-Driven,"3D & Hyperrealism, Minimalism",Hero-Centric + Feature-Rich,Property Dashboard + Analytics,Trust Blue #0077B6 + Gold accents + Clean white,Property listings. Virtual tours. Search/filter. Mortgage calculator. Agent profiles.
110,Food Delivery / Restaurant,"food, delivery, restaurant, ordering, menu, takeout",Vibrant & Block-based + Motion-Driven,"Flat Design, Micro-interactions",Conversion + Hero-Centric,Order Dashboard + Analytics,Warm Orange #F97316 + Appetizing reds + Success green,Menu display. Cart. Order tracking. Delivery status. Restaurant profiles. Reviews.
111,Fitness / Wellness App,"fitness, workout, health, gym, exercise, wellness",Vibrant & Block-based + Dark Mode (OLED),"Motion-Driven, Micro-interactions",Feature-Rich + Social Proof,Activity Dashboard + Progress,Energetic Orange #FF6B35 + Progress green + Dark bg,Workout plans. Progress tracking. Activity logging. Achievements. Social features.
112,Social Media Platform,"social, network, community, sharing, feed, connections",Vibrant & Block-based + Motion-Driven,"Aurora UI, Micro-interactions",Feature-Rich + Social Proof,Feed + Analytics Dashboard,Brand primary + Engagement metrics + Notification red,Feed. Profiles. Messaging. Notifications. Content creation. Discovery. Privacy settings.
113,Podcast / Audio Platform,"podcast, audio, streaming, episodes, listening, shows",Dark Mode (OLED) + Minimalism,"Motion-Driven, Vibrant accents",Storytelling + Feature-Rich,Player Dashboard + Analytics,Dark #121212 + Audio waveform accents + Brand,Audio player. Episode discovery. Playlist management. Podcast creation. Analytics.
114,Kids Baby Parenting App,"kids, children, baby, parenting, family, childcare, toddler, infant, nursery, playtime",Playful + Colorful + Rounded,"Soft UI Evolution, Friendly",Trust-first with Safety Features,Visual Progress + Simple Navigation,Bright pastels + Friendly colors + Safe warm tones,Child safety first. Parental controls. Age-appropriate content. Playful UI. Trust signals. COPPA compliance.
115,Manufacturing Industrial Platform,"manufacturing, industrial, factory, production, assembly, plant, warehouse, logistics, machinery",Professional + Data-heavy,"Corporate, Technical",Trust + Features,Data-Dense + Real-Time Monitoring,Professional Blue + Safety Yellow/Orange + Industrial Grey,Real-time monitoring. Equipment status. Production metrics. Safety alerts. Shift management. IoT integration.
116,Crowdfunding Fundraising Platform,"crowdfunding, fundraising, kickstarter, donation, campaign, pledge, backer, investment, community, funding",Trust-focused + Social Proof,"Progress-driven, Community",Hero with Progress + Social Proof,Campaign Progress + Backer Management,Trust Blue + Progress Green + Urgency Orange,Progress bars. Backer counts. Social proof. Countdown timers. Reward tiers. Creator profiles. Payment security.
